<?xml version="1.0" encoding="UTF-8"?>
<project-private xmlns="http://www.netbeans.org/ns/project-private/1">
    <editor-bookmarks xmlns="http://www.netbeans.org/ns/editor-bookmarks/2" lastBookmarkId="0"/>
    <open-files xmlns="http://www.netbeans.org/ns/projectui-open-files/2">
        <group>
            <file>file:/C:/Users/HP/OneDrive%20-%20Edulink%20International%20College/Desktop/ADSE/Semester_two/OsumaJavaProject/FileManipulation/src/txtfilemanipulation/FileToByte.java</file>
            <file>file:/C:/Users/HP/OneDrive%20-%20Edulink%20International%20College/Desktop/ADSE/Semester_two/OsumaJavaProject/FileManipulation/src/txtfilemanipulation/ReadNewFile.java</file>
            <file>file:/C:/Users/HP/OneDrive%20-%20Edulink%20International%20College/Desktop/ADSE/Semester_two/OsumaJavaProject/FileManipulation/src/txtfilemanipulation/ReadByteFile.java</file>
            <file>file:/C:/Users/HP/OneDrive%20-%20Edulink%20International%20College/Desktop/ADSE/Semester_two/OsumaJavaProject/FileManipulation/src/txtfilemanipulation/ReverseNewFile.java</file>
            <file>file:/C:/Users/HP/OneDrive%20-%20Edulink%20International%20College/Desktop/ADSE/Semester_two/OsumaJavaProject/FileManipulation/src/txtfilemanipulation/WriteToNewFile.java</file>
            <file>file:/C:/Users/HP/OneDrive%20-%20Edulink%20International%20College/Desktop/ADSE/Semester_two/OsumaJavaProject/FileManipulation/src/txtfilemanipulation/CreateNewFile.java</file>
            <file>file:/C:/Users/HP/OneDrive%20-%20Edulink%20International%20College/Desktop/ADSE/Semester_two/OsumaJavaProject/FileManipulation/src/txtfilemanipulation/CompareFiles.java</file>
            <file>file:/C:/Users/HP/OneDrive%20-%20Edulink%20International%20College/Desktop/ADSE/Semester_two/OsumaJavaProject/FileManipulation/src/txtfilemanipulation/ReadReversedFile.java</file>
        </group>
    </open-files>
</project-private>
